{
    "results": {
        "test_images/rose/123128873_546b8b7355_n.jpg": 1.0,
        "test_images/rose/5335931029_74c01d3c35_n.jpg": 0.999285876750946,
        "test_images/rose/14166797345_d2ab9da518.jpg": 0.9985740780830383,
        "test_images/rose/2677417735_a697052d2d_n.jpg": 0.9984642267227173,
        "test_images/rose/8388497874_1fe750cc95_m.jpg": 0.9971334338188171
    }
}